sharpness,luminance,information,corfulnessss,class
0.4763,0.456,5.313,18.1591,normal
0.5252,0.4698,5.2548,21.5738,normal
0.4359,0.4665,5.2731,21.1508,normal
0.5062,0.4726,5.3042,22.5225,normal
0.4495,0.4616,5.3017,16.9231,normal
0.4739,0.4548,5.2673,28.7363,normal
0.4983,0.4932,5.0609,6.713,normal
0.6404,0.491,5.0528,5.5699,normal
0.4435,0.5042,5.0964,6.7816,normal
0.4569,0.472,5.4071,8.0573,normal
0.3954,0.4798,5.4099,6.605,normal
0.6005,0.1782,5.1551,10.274,normal
0.5995,0.174,5.1551,9.7242,normal
0.689,0.1581,5.3651,39.2966,normal
0.5869,0.4712,5.244,41.5753,normal
0.3274,0.4812,4.8546,48.3989,normal
0.3341,0.49,5.1228,42.9768,normal
0.6128,0.435,4.7476,15.7637,normal
0.5345,0.4249,4.5843,14.1272,normal
0.6648,0.1784,4.8242,18.6091,normal
0.8585,0.4853,5.143,22.2031,normal
0.824,0.1857,4.5997,48.7114,normal
0.8231,0.1815,4.6342,44.0178,normal
0.8111,0.4515,5.144,9.4312,normal
0.8002,0.4555,5.191,7.2852,normal
0.782,0.4463,5.1082,7.8221,normal
0.7444,0.4497,5.0427,20.6327,normal
0.8101,0.217,5.2392,18.0226,normal
0.797,0.188,5.2815,8.8813,normal
0.7335,0.4417,5.2394,19.0629,normal
0.776,0.4389,5.2444,18.9789,normal
0.7338,0.44,5.1354,18.7212,normal
0.7101,0.4258,4.8797,4.5521,normal
0.8003,0.4316,5.0211,4.8036,normal
0.7972,0.4293,5.0468,5.1211,normal
0.7772,0.4348,5.0267,4.4101,normal
0.7883,0.4351,4.9954,4.4666,normal
0.763,0.2428,4.6367,46.6066,normal
0.7331,0.2471,4.5227,68.0525,normal
0.8226,0.4141,4.6673,7.5094,normal
0.8212,0.4058,4.7415,9.4207,normal
0.7943,0.4519,4.9416,6.758,normal
0.7475,0.2353,4.8454,6.971,normal
0.7648,0.2337,4.6843,7.3981,normal
0.7423,0.2467,4.7136,6.3851,normal
0.7592,0.1618,5.1908,21.2067,normal
0.5102,0.1642,5.221,27.2909,normal
0.6679,0.1438,5.2241,26.9274,normal
0.6021,0.1298,5.0712,29.962,normal
0.6094,0.1566,5.3087,34.6809,normal
0.5914,0.1469,5.1114,31.6988,normal
0.4419,0.1281,5.0052,32.2521,normal
0.6172,0.7507,5.1828,24.942,normal
0.5921,0.1644,5.2806,28.0269,normal
0.5022,0.5119,4.9121,13.8182,normal
0.6052,0.5281,5.0412,18.3937,normal
0.8166,0.4775,3.6492,2.6555,normal
0.6021,0.4748,4.9157,16.7683,normal
0.6162,0.4723,4.8758,22.7763,normal
0.728,0.44,5.3303,21.4602,normal
0.7473,0.402,4.9864,24.0031,normal
0.7411,0.471,5.2816,29.2454,normal
0.7496,0.4419,5.2331,17.9832,normal
0.7459,0.4855,5.3304,32.4087,normal
0.7254,0.6977,5.1278,14.7201,normal
0.7017,0.7094,5.2363,32.0824,normal
0.7254,0.5012,5.0674,23.1306,normal
0.6993,0.4515,5.3127,30.707,normal
0.7136,0.4522,5.3583,31.267,normal
0.7999,0.4627,5.1923,35.0831,normal
0.852,0.452,5.1712,14.2485,normal
0.8684,0.451,4.9694,13.5885,normal
0.8323,0.4327,5.1033,19.6307,normal
0.6917,0.6848,4.662,6.8197,normal
0.7182,0.6818,4.585,7.3289,normal
0.7119,0.6796,4.6837,6.9626,normal
0.6957,0.186,5.282,31.4464,normal
0.7041,0.1863,5.2914,30.6644,normal
0.7538,0.169,5.3634,31.6633,normal
0.7851,0.3816,4.4784,11.4292,normal
0.6117,0.2287,3.7029,16.7208,normal
0.6735,0.4452,5.1102,82.9237,normal
0.7165,0.4238,5.1598,99.7449,normal
0.6202,0.432,4.8953,66.7983,normal
0.6209,0.4508,4.9236,6.1415,normal
0.6976,0.2243,5.0693,12.0705,normal
0.7271,0.2072,5.2924,36.7873,normal
0.7112,0.7342,5.3148,42.0837,normal
0.6921,0.2316,5.2287,28.2281,normal
0.7303,0.2169,5.3077,26.3909,normal
0.7383,0.4881,5.284,27.5571,normal
0.6853,0.4625,5.2382,25.7733,normal
0.7498,0.526,4.5257,10.1655,normal
0.5253,0.6541,4.2686,10.1029,normal
0.5516,0.683,4.4498,21.2539,normal
0.641,0.4237,5.099,14.8608,normal
0.5289,0.4723,5.1486,17.2252,normal
0.8155,0.4739,5.2777,29.5487,normal
0.7788,0.4742,5.2082,24.9023,normal
0.543,0.4502,5.2479,21.5988,normal
0.5448,0.7561,5.402,19.8752,normal
0.6712,0.8406,5.3302,23.1519,normal
0.7661,0.5092,5.2697,25.34,normal
0.7586,0.5084,5.2708,25.2635,normal
0.7777,0.2107,5.017,21.5303,normal
0.6751,0.195,5.2799,20.5895,normal
0.4375,0.5011,5.1825,7.3566,normal
0.4849,0.4998,5.1288,7.7479,normal
0.5218,0.4968,5.086,7.5925,normal
0.5568,0.4971,4.9433,5.4103,normal
0.4688,0.5164,4.9887,6.1723,normal
0.7748,0.47,4.9847,14.0837,normal
0.6893,0.4606,5.2243,18.4883,normal
0.5263,0.4639,5.2935,20.2491,normal
0.4095,0.4576,5.2843,16.9027,normal
0.4961,0.4558,5.316,18.0351,normal
0.4306,0.7627,5.4008,17.3588,bright
0.4753,0.7673,5.3302,18.9947,bright
0.3824,0.7747,5.3927,19.5237,bright
0.4479,0.772,5.4375,20.8497,bright
0.4198,0.4856,5.3868,16.225,bright
0.4224,0.775,5.4367,36.2085,bright
0.4761,0.5122,5.0601,6.832,bright
0.5723,0.5141,5.11,5.9086,bright
0.445,0.4964,5.1009,6.6894,bright
0.4708,0.862,5.1744,8.4688,bright
0.3994,0.8673,5.1109,7.4447,bright
0.6014,0.176,5.1777,9.5126,bright
0.5981,0.1794,5.1958,9.6808,bright
0.6857,0.8231,5.3631,49.139,bright
0.5755,0.7969,5.2799,47.352,bright
0.3209,0.6908,4.9829,52.7996,bright
0.3203,0.7401,5.206,45.7362,bright
0.6012,0.4249,4.6748,14.4878,bright
0.5394,0.4208,4.722,16.6859,bright
0.6725,0.1828,4.8335,17.6231,bright
0.857,0.8191,5.1188,43.2834,bright
0.8276,0.8433,4.6535,73.3325,bright
0.8266,0.8516,4.6817,72.2964,bright
0.8067,0.4541,5.1816,10.3892,bright
0.7939,0.4525,5.1621,8.111,bright
0.7815,0.4526,5.1296,6.8318,bright
0.7412,0.4537,5.0205,19.4819,bright
0.8038,0.4418,5.3219,18.7873,bright
0.7918,0.8114,5.3182,10.2392,bright
0.731,0.4541,5.2253,18.7814,bright
0.7717,0.4423,5.2957,19.4667,bright
0.721,0.45,5.239,19.7419,bright
0.7123,0.4264,4.9261,6.817,bright
0.7991,0.4352,5.0577,5.4012,bright
0.793,0.4217,4.9826,6.1369,bright
0.7757,0.4441,5.0657,7.2712,bright
0.7818,0.4262,4.9426,7.0889,bright
0.7571,0.2534,4.694,53.6534,bright
0.7337,0.2391,4.4577,61.8108,bright
0.82,0.4183,4.645,7.3301,bright
0.8244,0.4184,4.7863,10.815,bright
0.7934,0.4584,4.9832,7.2245,bright
0.7401,0.2315,4.8143,7.3296,bright
0.7626,0.2304,4.6218,7.8027,bright
0.74,0.2414,4.6691,7.3867,bright
0.7786,0.8916,4.1422,25.658,bright
0.5244,0.8891,4.7407,34.9631,bright
0.6177,0.9015,4.4711,30.4349,bright
0.5519,0.8489,5.1291,36.2806,bright
0.6235,0.8804,4.8148,36.3211,bright
0.5428,0.8343,5.0325,36.992,bright
0.3158,0.8498,5.025,50.5831,bright
0.5378,0.9314,3.4195,29.2439,bright
0.5791,0.9167,4.0751,30.0819,bright
0.6799,0.9484,3.62,23.3166,bright
0.7125,0.9426,3.6219,29.2855,bright
0.8816,0.9591,2.4272,2.3945,bright
0.5574,0.9519,3.1825,14.395,bright
0.6215,0.4698,4.8472,22.5099,bright
0.6847,0.9019,4.2616,17.2009,bright
0.7378,0.9017,4.0266,19.3608,bright
0.7191,0.9417,4.0527,36.1712,bright
0.6933,0.9121,4.2235,19.4171,bright
0.7456,0.9207,3.9645,22.8786,bright
0.6717,0.9275,3.631,16.0348,bright
0.7341,0.9259,3.8156,17.7887,bright
0.6923,0.9221,3.8822,22.4468,bright
0.7005,0.9166,4.043,20.7774,bright
0.6981,0.9227,4.0272,19.173,bright
0.7772,0.9046,4.5671,22.4384,bright
0.8595,0.8953,4.3591,12.8118,bright
0.9194,0.9338,3.8212,15.3507,bright
0.9118,0.9028,4.2571,17.5943,bright
0.8434,0.9702,2.3735,5.6239,bright
0.8579,0.9687,2.2309,5.1799,bright
0.835,0.9725,2.5279,5.5543,bright
0.6877,0.9,4.3288,22.8644,bright
0.7114,0.8957,4.3727,22.7495,bright
0.7434,0.9033,4.1907,26.959,bright
0.7952,0.8438,4.4257,6.4794,bright
0.7584,0.8479,3.5305,11.2761,bright
0.7111,0.9093,4.3276,60.5909,bright
0.6541,0.912,4.2838,55.6866,bright
0.7707,0.9178,4.0362,60.8652,bright
0.8286,0.9349,3.7357,4.6251,bright
0.6027,0.8017,4.9372,21.5661,bright
0.744,0.8936,3.8325,17.7879,bright
0.7044,0.9185,3.8292,16.6088,bright
0.696,0.8763,3.9218,17.316,bright
0.7151,0.9039,4.1511,16.109,bright
0.7223,0.9176,4.0736,17.447,bright
0.7054,0.9269,3.7751,14.9092,bright
0.7171,0.9734,2.9549,9.9221,bright
0.5293,0.9749,2.4014,15.7533,bright
0.6323,0.9602,2.2445,31.7356,bright
0.574,0.8266,4.9562,12.4141,bright
0.3937,0.9558,3.6771,45.3664,bright
0.8076,0.9324,3.8358,27.7712,bright
0.7977,0.9404,3.7528,23.7432,bright
0.6396,0.9451,3.6732,17.2488,bright
0.6378,0.9346,3.9787,21.3013,bright
0.6826,0.9072,3.9895,19.8709,bright
0.7255,0.9326,4.0207,19.5363,bright
0.7251,0.9306,4.0553,19.555,bright
0.7685,0.8898,4.0253,16.9026,bright
0.7067,0.9047,4.1705,18.8481,bright
0.4553,0.5028,5.1937,7.3237,bright
0.4488,0.5056,5.1738,7.6341,bright
0.491,0.5068,5.1823,7.5781,bright
0.4822,0.5249,5.0032,5.7084,bright
0.4469,0.5209,5.0224,6.2104,bright
0.7866,0.4705,5.0567,12.8524,bright
0.6944,0.4724,5.3057,17.6506,bright
0.5081,0.4809,5.3744,19.2318,bright
0.4344,0.4726,5.347,16.2358,bright
0.4623,0.4796,5.3965,17.6394,bright
0.4656,0.1385,4.6774,13.5094,dark
0.572,0.1426,4.5313,15.4015,dark
0.5027,0.1467,4.6585,17.2079,dark
0.555,0.1426,4.7457,19.0264,dark
0.4876,0.1428,4.6656,14.0874,dark
0.5213,0.1316,4.6524,17.8324,dark
0.5406,0.1485,4.2637,3.8497,dark
0.6908,0.1446,4.2177,2.4775,dark
0.5317,0.1482,4.3455,3.8924,dark
0.4399,0.1374,4.9295,6.9863,dark
0.4181,0.143,4.9235,6.7982,dark
0.6405,0.1181,4.4937,6.7877,dark
0.6412,0.1202,4.5389,6.9087,dark
0.6764,0.1242,4.8171,21.9436,dark
0.5891,0.1316,4.5952,21.7123,dark
0.3776,0.1271,4.0145,23.8633,dark
0.3704,0.1344,4.3664,24.3777,dark
0.6943,0.1779,4.186,9.8977,dark
0.7361,0.1752,4.0714,11.5699,dark
0.6928,0.1672,4.4236,12.0702,dark
0.8795,0.1419,4.3785,7.3952,dark
0.8428,0.124,3.9389,16.5288,dark
0.8388,0.1233,3.8207,14.5966,dark
0.8483,0.1375,4.3358,3.5,dark
0.8373,0.1415,4.4097,3.7097,dark
0.832,0.1446,4.4088,4.2162,dark
0.758,0.1444,4.2571,10.9672,dark
0.823,0.122,4.6274,10.2728,dark
0.827,0.1403,4.7096,5.5016,dark
0.745,0.1502,4.7326,10.866,dark
0.7955,0.1254,4.5141,10.4168,dark
0.7528,0.1268,4.3856,9.1677,dark
0.7423,0.1459,4.1976,2.9728,dark
0.8288,0.1506,4.3802,3.8809,dark
0.8105,0.1718,4.5521,4.1178,dark
0.8002,0.142,4.3328,2.8475,dark
0.8142,0.1454,4.2829,3.0546,dark
0.7909,0.1403,4.0488,28.5788,dark
0.8085,0.1481,3.9038,37.8323,dark
0.8931,0.1538,3.9414,5.3045,dark
0.889,0.1413,4.0183,6.7683,dark
0.8148,0.1447,4.1373,2.8533,dark
0.7756,0.1453,4.2363,3.9454,dark
0.7876,0.144,4.1087,4.3515,dark
0.767,0.165,4.2469,4.8166,dark
0.7378,0.092,3.8237,5.6233,dark
0.7262,0.0669,3.7107,6.856,dark
0.8209,0.08,3.7346,6.6262,dark
0.705,0.0489,3.3484,6.8931,dark
0.7557,0.0693,3.8168,9.0588,dark
0.6943,0.0521,3.4441,7.4705,dark
0.6458,0.0472,3.2397,5.9618,dark
0.7766,0.1199,4.0188,6.2941,dark
0.7412,0.0958,3.9412,7.6155,dark
0.7215,0.099,3.7403,4.4516,dark
0.7865,0.1034,3.8471,5.1099,dark
0.9931,0.0843,2.4986,1.8726,dark
0.8955,0.104,3.7132,4.0201,dark
0.8112,0.0707,3.4287,6.2588,dark
0.788,0.0897,4.5182,26.2944,dark
0.8089,0.0796,4.0634,22.7676,dark
0.779,0.0953,4.5035,29.6241,dark
0.8175,0.0881,4.2729,17.1822,dark
0.8023,0.1087,4.5094,33.295,dark
0.8596,0.1022,4.026,6.1149,dark
0.8169,0.1055,4.086,13.5325,dark
0.8915,0.0847,3.7853,6.0998,dark
0.8113,0.0933,4.628,28.7754,dark
0.803,0.0957,4.6502,31.3537,dark
0.8426,0.0883,4.2877,19.7706,dark
0.9063,0.0677,3.8523,6.0735,dark
0.9542,0.0858,3.7394,4.3201,dark
0.9209,0.0715,3.8923,6.7325,dark
0.9334,0.1319,3.6912,3.279,dark
0.9192,0.1315,3.6474,3.4486,dark
0.9407,0.1265,3.6607,3.3119,dark
0.7593,0.0751,4.0859,25.7171,dark
0.7485,0.0747,4.0724,21.421,dark
0.7437,0.081,4.3187,37.6902,dark
0.7624,0.0485,3.1495,8.1927,dark
0.6202,0.0389,2.7022,14.8003,dark
0.7923,0.0779,3.8353,24.0983,dark
0.8673,0.0921,3.9543,34.8382,dark
0.7972,0.0737,3.5595,15.729,dark
0.8189,0.0824,3.6534,2.4795,dark
0.7395,0.0671,3.9831,8.2859,dark
0.8027,0.1075,4.2866,25.9286,dark
0.8313,0.113,4.2456,22.2946,dark
0.7817,0.0842,4.4086,24.3185,dark
0.8101,0.0909,4.1483,16.1419,dark
0.8868,0.1061,4.1126,12.637,dark
0.7854,0.1121,4.1544,13.0095,dark
0.9691,0.1084,3.4441,3.5853,dark
0.8006,0.1212,3.2165,2.6414,dark
0.7701,0.1269,3.4394,4.6018,dark
0.7207,0.0836,4.3294,15.573,dark
0.5813,0.0962,4.0406,4.7876,dark
0.8884,0.1101,4.1531,9.2188,dark
0.8885,0.1046,4.0425,7.3483,dark
0.6519,0.1072,4.1669,7.2713,dark
0.579,0.1027,4.3536,6.8702,dark
0.6944,0.0944,4.4886,16.4162,dark
0.8762,0.1063,4.4171,20.1081,dark
0.876,0.0988,4.3643,19.4095,dark
0.8011,0.0818,4.3849,9.7784,dark
0.7151,0.0984,4.0776,7.2227,dark
0.4636,0.4392,5.0335,6.7689,dark
0.4757,0.433,4.9642,6.6527,dark
0.5166,0.4105,4.9309,6.8272,dark
0.526,0.4103,4.7978,4.3348,dark
0.4825,0.4295,4.8366,5.3078,dark
0.7658,0.214,4.7852,13.006,dark
0.6818,0.1886,5.0652,17.706,dark
0.5483,0.1695,5.1398,19.585,dark
0.4201,0.1888,5.1113,16.0193,dark
0.4805,0.1713,5.1639,17.3341,dark
0.0224,0.455,5.2972,17.8267,normal
0.0364,0.4685,5.2274,21.3035,normal
0.0239,0.4653,5.251,20.8318,normal
0.0325,0.4703,5.282,22.168,normal
0.0416,0.461,5.2798,16.6637,normal
0.0323,0.4541,5.25,28.4735,normal
0.0798,0.4911,5.0492,6.4901,normal
0.0612,0.4898,5.0428,5.3376,normal
0.0324,0.5016,5.0911,6.6169,normal
0.0874,0.4685,5.4004,7.7105,normal
0.0387,0.4773,5.4054,6.4521,normal
0.2605,0.1825,5.1298,10.1013,normal
0.256,0.1783,5.1294,9.5566,normal
0.1495,0.4488,5.3502,38.9234,normal
0.0586,0.4713,5.2323,41.2705,normal
0.02,0.4801,4.8531,48.2339,normal
0.0294,0.4878,5.122,42.7489,normal
0.0609,0.4323,4.7101,15.597,normal
0.0506,0.4236,4.5525,13.9325,normal
0.3416,0.1814,4.7553,18.0088,normal
0.5092,0.4924,5.0616,22.0781,normal
0.4085,0.1871,4.4427,48.5489,normal
0.4097,0.1837,4.485,43.9051,normal
0.3878,0.4512,5.0832,9.1164,normal
0.3461,0.4569,5.1419,7.1712,normal
0.2628,0.4452,5.0309,7.6794,normal
0.156,0.4481,4.9314,19.6751,normal
0.323,0.4069,5.1434,16.9508,normal
0.3151,0.1967,5.2151,8.5869,normal
0.1513,0.4405,5.1503,18.1013,normal
0.2155,0.4344,5.1926,18.0435,normal
0.1478,0.4375,5.0687,17.7755,normal
0.1716,0.4267,4.8101,4.4544,normal
0.3194,0.4313,4.9701,4.7931,normal
0.2842,0.4308,4.9911,4.9978,normal
0.2722,0.438,4.9697,4.3021,normal
0.2817,0.4376,4.9395,4.339,normal
0.2128,0.251,4.5208,46.2941,normal
0.3258,0.2532,4.4543,67.8909,normal
0.5729,0.4112,4.5866,7.3714,normal
0.5064,0.4017,4.6648,9.1106,normal
0.2533,0.4568,4.8423,6.5492,normal
0.1617,0.4113,4.7148,6.7505,normal
0.222,0.2434,4.5642,7.209,normal
0.2036,0.2562,4.5779,6.1622,normal
0.0917,0.1673,5.1483,20.2758,normal
0.0797,0.1724,5.1919,26.0567,normal
0.2651,0.1479,5.1912,26.5177,normal
0.4796,0.1313,5.0124,29.5802,normal
0.4144,0.1632,5.2552,34.2057,normal
0.3283,0.1487,5.0605,31.2928,normal
0.2203,0.1297,4.9673,31.9411,normal
0.0808,0.748,5.1663,24.3989,normal
0.0926,0.1677,5.2638,27.2748,normal
0.1135,0.5112,4.8783,13.182,normal
0.106,0.5268,5.0246,17.7169,normal
0.0832,0.4763,3.6468,2.4837,normal
0.0525,0.471,4.8839,16.0524,normal
0.2216,0.4817,4.8353,22.1977,normal
0.1508,0.4373,5.2955,20.732,normal
0.1657,0.4004,4.9351,23.8064,normal
0.1752,0.4672,5.2695,28.2742,normal
0.1825,0.438,5.1851,17.0917,normal
0.2152,0.4825,5.2923,32.1387,normal
0.1216,0.6949,5.1014,14.0788,normal
0.1755,0.4828,5.1865,30.7957,normal
0.1985,0.498,5.0358,22.2489,normal
0.1592,0.4446,5.3,28.7884,normal
0.1515,0.447,5.3446,29.6333,normal
0.1729,0.4617,5.1824,34.1859,normal
0.6799,0.4467,5.1508,13.4639,normal
0.5703,0.4491,4.8167,12.7788,normal
0.4767,0.4365,5.0907,18.5445,normal
0.1134,0.6834,4.6423,6.7253,normal
0.1205,0.6799,4.5657,7.2464,normal
0.114,0.6781,4.6651,6.8714,normal
0.1627,0.1897,5.2437,30.7456,normal
0.1574,0.1893,5.2648,29.8879,normal
0.1446,0.1726,5.3412,30.7532,normal
0.1768,0.3819,4.4808,10.9877,normal
0.0924,0.2292,3.7352,16.3134,normal
0.1078,0.4447,5.0841,81.9714,normal
0.0658,0.4225,5.1295,98.625,normal
0.1939,0.4319,4.8781,66.2078,normal
0.1961,0.4511,4.9146,5.944,normal
0.1515,0.2259,5.063,11.8211,normal
0.1609,0.2143,5.2609,36.433,normal
0.1408,0.7338,5.3001,41.8524,normal
0.1569,0.2368,5.2024,27.8163,normal
0.139,0.458,5.2594,25.7102,normal
0.1436,0.4869,5.2387,27.0486,normal
0.1029,0.464,5.1928,25.0809,normal
0.4241,0.5254,4.5227,9.6031,normal
0.1302,0.654,4.2717,8.8674,normal
0.1391,0.6831,4.45,19.8057,normal
0.12,0.4236,5.0931,14.4464,normal
0.0717,0.473,5.1347,16.9833,normal
0.2647,0.4744,5.1969,28.4166,normal
0.2324,0.4755,5.1118,23.7311,normal
0.1496,0.4447,5.1152,20.1527,normal
0.1216,0.7266,5.2884,18.5407,normal
0.1504,0.8306,5.3283,21.4952,normal
0.2232,0.5105,5.2155,24.2284,normal
0.2193,0.5096,5.2178,24.1551,normal
0.1704,0.2214,5.0022,20.0635,normal
0.1507,0.4346,5.1995,19.0215,normal
0.0432,0.496,5.1657,7.0403,normal
0.0443,0.4945,5.113,7.407,normal
0.0538,0.4925,5.0737,7.2033,normal
0.062,0.4948,4.9442,5.1598,normal
0.0419,0.5139,4.9829,5.9265,normal
0.2484,0.4708,4.9361,13.8801,normal
0.0983,0.4605,5.1983,18.1842,normal
0.0417,0.4632,5.2717,19.8536,normal
0.0129,0.4569,5.2587,16.6467,normal
0.0257,0.4552,5.2999,17.6847,normal
0.0185,0.4864,5.3925,17.0834,bright
0.0279,0.7637,5.3073,18.7521,bright
0.0173,0.7712,5.3759,19.2462,bright
0.0242,0.7679,5.4188,20.5056,bright
0.0386,0.4846,5.369,16.0295,bright
0.03,0.771,5.4254,35.9888,bright
0.0677,0.5092,5.0515,6.6236,bright
0.0557,0.511,5.1035,5.7161,bright
0.0385,0.4942,5.0933,6.5168,bright
0.0959,0.8561,5.2051,7.8794,bright
0.0402,0.863,5.1396,7.1323,bright
0.2519,0.1802,5.1527,9.3405,bright
0.2483,0.1834,5.1699,9.5122,bright
0.1342,0.8182,5.3782,48.85,bright
0.071,0.7929,5.2783,47.0916,bright
0.0166,0.6897,4.9804,52.5946,bright
0.03,0.7389,5.2067,45.4612,bright
0.0603,0.4236,4.6344,14.3343,bright
0.0528,0.4195,4.6925,16.492,bright
0.3358,0.1854,4.754,16.9992,bright
0.5239,0.8146,5.0375,43.0719,bright
0.3773,0.841,4.5076,73.2817,bright
0.3574,0.8494,4.5556,72.2194,bright
0.3675,0.4538,5.1276,10.1334,bright
0.3405,0.4544,5.1114,8.0007,bright
0.2565,0.4501,5.0457,6.6809,bright
0.1545,0.4531,4.9039,18.4633,bright
0.2648,0.442,5.2403,17.7884,bright
0.2457,0.8076,5.2616,9.7143,bright
0.1447,0.4551,5.1287,17.7847,bright
0.1934,0.438,5.2489,18.616,bright
0.1357,0.4489,5.1772,18.8125,bright
0.157,0.4269,4.8549,6.757,bright
0.3249,0.4351,5.0119,5.3216,bright
0.296,0.423,4.9219,6.0029,bright
0.2624,0.448,5.0069,7.1875,bright
0.286,0.4278,4.8855,7.0296,bright
0.2228,0.4153,4.5757,53.356,bright
0.3446,0.2449,4.3863,61.6561,bright
0.5565,0.4158,4.5685,7.2117,bright
0.509,0.4154,4.7126,10.5514,bright
0.2501,0.4624,4.8868,7.0648,bright
0.1624,0.4037,4.6877,7.0852,bright
0.231,0.2395,4.4969,7.6272,bright
0.2019,0.2506,4.54,7.2419,bright
0.3393,0.8803,4.1729,24.5217,bright
0.0705,0.8788,4.7953,33.2792,bright
0.2156,0.8903,4.4956,29.6092,bright
0.2418,0.836,5.125,35.4654,bright
0.2364,0.8616,4.8227,35.2834,bright
0.24,0.8281,5.0308,36.21,bright
0.0414,0.8508,5.0358,49.8714,bright
0.0508,0.9281,3.5166,28.6408,bright
0.0688,0.9119,4.1549,29.1542,bright
0.1378,0.9474,3.6453,22.592,bright
0.1563,0.9395,3.6932,28.4191,bright
0.0337,0.9591,2.4477,2.177,bright
0.0511,0.9491,3.2167,13.759,bright
0.2126,0.4788,4.8075,21.9357,bright
0.1506,0.8978,4.3241,16.1056,bright
0.2153,0.899,4.0557,18.8613,bright
0.2169,0.9374,4.1375,35.3192,bright
0.2069,0.9071,4.2826,18.4036,bright
0.2494,0.914,4.0393,21.9394,bright
0.1248,0.9255,3.6847,15.562,bright
0.2052,0.9225,3.9045,17.0768,bright
0.2035,0.9185,3.8991,21.7728,bright
0.2136,0.9147,4.1032,19.4613,bright
0.1844,0.9197,4.1053,17.6443,bright
0.1658,0.9025,4.606,21.7012,bright
0.6781,0.8921,4.3731,11.8181,bright
0.7095,0.933,3.7708,14.532,bright
0.6102,0.9005,4.281,16.5785,bright
0.1733,0.968,2.4398,5.5738,bright
0.2364,0.9665,2.309,5.1212,bright
0.1825,0.9703,2.5938,5.4976,bright
0.164,0.8947,4.3663,21.968,bright
0.1546,0.8912,4.4164,21.8687,bright
0.1489,0.8986,4.2965,26.0574,bright
0.2234,0.8433,4.4301,6.338,bright
0.2441,0.8477,3.5684,11.1724,bright
0.2322,0.9068,4.3419,59.191,bright
0.173,0.9092,4.289,54.0788,bright
0.2711,0.9171,4.0475,60.0133,bright
0.4697,0.9348,3.7452,4.385,bright
0.1245,0.8004,4.9481,21.2737,bright
0.1687,0.8874,3.8741,16.7581,bright
0.1496,0.9136,3.8892,15.7266,bright
0.1696,0.8726,3.9507,16.455,bright
0.1559,0.8989,4.2094,15.1022,bright
0.1584,0.9118,4.1176,16.5709,bright
0.179,0.9257,3.8558,14.1866,bright
0.1267,0.9709,3.0041,8.9644,bright
0.1269,0.9722,2.4569,14.1848,bright
0.1205,0.9558,2.3319,30.1071,bright
0.091,0.8249,4.9776,12.1201,bright
0.0679,0.9529,3.7125,44.7727,bright
0.2563,0.9296,3.9138,26.9643,bright
0.2656,0.9383,3.8504,22.7999,bright
0.2173,0.9421,3.7944,16.147,bright
0.1749,0.9279,4.1561,19.8615,bright
0.1256,0.8994,4.1326,18.3721,bright
0.1609,0.9272,4.1012,18.3618,bright
0.1613,0.9251,4.1302,18.3794,bright
0.171,0.8827,4.1233,15.5247,bright
0.1498,0.895,4.3147,17.3239,bright
0.0455,0.4975,5.1765,7.0219,bright
0.0485,0.4988,5.1606,7.3532,bright
0.056,0.5005,5.1712,7.2246,bright
0.0558,0.5197,5.0097,5.4913,bright
0.044,0.5173,5.0185,5.9845,bright
0.2451,0.4705,5.0109,12.7008,bright
0.0825,0.4719,5.2836,17.289,bright
0.0336,0.4792,5.3572,18.8109,bright
0.0168,0.4726,5.324,15.9221,bright
0.0216,0.4796,5.3855,17.3223,bright
0.0378,0.1402,4.67,13.1934,dark
0.0627,0.1445,4.5125,15.0965,dark
0.0431,0.1483,4.6416,16.8879,dark
0.0511,0.1445,4.729,18.7133,dark
0.0574,0.1447,4.6475,13.8469,dark
0.0526,0.1332,4.6435,17.5545,dark
0.1664,0.1489,4.2569,3.8248,dark
0.147,0.1448,4.2073,2.4806,dark
0.0943,0.1487,4.3421,3.904,dark
0.0762,0.1414,4.9482,6.8243,dark
0.0466,0.1459,4.9366,6.7369,dark
0.3021,0.1203,4.4733,6.6819,dark
0.3058,0.1224,4.5224,6.8218,dark
0.1716,0.1268,4.8147,21.6109,dark
0.0784,0.1335,4.5908,21.4893,dark
0.0577,0.1276,4.0139,23.7423,dark
0.0738,0.1349,4.3681,24.2582,dark
0.117,0.179,4.1502,9.769,dark
0.116,0.1759,4.0421,11.3637,dark
0.3745,0.1697,4.3539,11.6662,dark
0.7038,0.1454,4.3005,7.3926,dark
0.5522,0.1304,3.7995,16.5328,dark
0.5304,0.13,3.6743,14.5741,dark
0.5957,0.1413,4.2944,3.4826,dark
0.5194,0.1447,4.3691,3.7287,dark
0.3833,0.1475,4.3395,4.2562,dark
0.265,0.1491,4.151,10.5315,dark
0.4667,0.1216,4.5477,9.8177,dark
0.517,0.1424,4.6484,5.5237,dark
0.2403,0.1518,4.6429,10.4143,dark
0.3986,0.126,4.477,10.0348,dark
0.2797,0.1293,4.3349,8.8826,dark
0.2725,0.1491,4.1338,3.0142,dark
0.4237,0.1526,4.3467,3.9313,dark
0.3748,0.1741,4.5031,4.1164,dark
0.3747,0.1454,4.2873,2.8866,dark
0.3995,0.1481,4.242,3.0692,dark
0.3169,0.1468,3.9504,28.4205,dark
0.4997,0.1487,3.8338,37.7574,dark
0.6989,0.155,3.8667,5.3085,dark
0.5673,0.1421,3.9532,6.6945,dark
0.3911,0.1469,4.0492,2.8756,dark
0.3083,0.1509,4.123,3.8805,dark
0.349,0.1485,3.9968,4.2678,dark
0.2463,0.1722,4.1215,4.7416,dark
0.2862,0.0922,3.8058,5.384,dark
0.2638,0.067,3.7082,6.5049,dark
0.1981,0.0801,3.7092,6.5055,dark
0.1575,0.049,3.3037,6.7555,dark
0.1527,0.0696,3.7713,8.9117,dark
0.123,0.0523,3.4059,7.3357,dark
0.2225,0.0472,3.2295,5.8724,dark
0.1808,0.12,4.0103,6.0976,dark
0.2297,0.0958,3.9355,7.4096,dark
0.2935,0.099,3.7108,4.1817,dark
0.3127,0.1034,3.8328,4.8951,dark
0.1609,0.085,2.4907,1.5657,dark
0.219,0.104,3.6893,3.9658,dark
0.5724,0.0707,3.3855,6.212,dark
0.1928,0.0912,4.5096,25.9504,dark
0.1978,0.0805,4.0309,22.5141,dark
0.1696,0.0971,4.5047,29.1561,dark
0.2416,0.0895,4.2491,16.7962,dark
0.23,0.1101,4.4897,33.1868,dark
0.333,0.1025,4.0059,5.8022,dark
0.4337,0.106,4.0476,12.8875,dark
0.421,0.0849,3.7599,5.9193,dark
0.2803,0.0941,4.619,28.1635,dark
0.3163,0.0969,4.6503,30.7118,dark
0.1191,0.0893,4.3071,19.2085,dark
0.778,0.0688,3.8436,5.8266,dark
0.8417,0.0868,3.6308,3.9673,dark
0.7226,0.0734,3.9233,6.3561,dark
0.486,0.132,3.6714,3.1142,dark
0.4952,0.1316,3.631,3.3871,dark
0.538,0.1267,3.6427,3.2254,dark
0.2212,0.0767,4.0764,25.3795,dark
0.1825,0.0771,4.0642,20.8672,dark
0.1923,0.0833,4.3014,37.4292,dark
0.1459,0.0492,3.1388,7.7323,dark
0.1002,0.0403,2.7191,14.3916,dark
0.404,0.0782,3.8202,23.8273,dark
0.2608,0.0923,3.926,34.4909,dark
0.2336,0.0738,3.5324,15.5893,dark
0.4392,0.0828,3.6495,2.3511,dark
0.2307,0.0674,3.9608,8.0409,dark
0.2968,0.1092,4.2837,25.8182,dark
0.3675,0.1133,4.2404,22.1609,dark
0.2667,0.0867,4.4141,24.195,dark
0.3431,0.0915,4.1258,15.8776,dark
0.3675,0.1063,4.0743,12.373,dark
0.2698,0.1128,4.1167,12.6906,dark
0.5239,0.1086,3.4372,3.4139,dark
0.3719,0.1215,3.2003,2.2986,dark
0.4836,0.1274,3.4189,4.1126,dark
0.1729,0.0847,4.3337,15.2802,dark
0.1626,0.097,4.0093,4.5262,dark
0.5075,0.1108,4.0879,8.6809,dark
0.6467,0.1047,3.9501,6.8117,dark
0.4487,0.1081,4.0577,6.612,dark
0.3111,0.1047,4.2681,6.2613,dark
0.2574,0.0985,4.5043,15.8938,dark
0.4368,0.1074,4.3777,19.8984,dark
0.4437,0.1,4.3279,19.2106,dark
0.2821,0.087,4.3975,9.2127,dark
0.3471,0.1,4.032,6.5398,dark
0.0438,0.4372,5.0148,6.5292,dark
0.0459,0.4311,4.9461,6.4885,dark
0.055,0.4088,4.9149,6.6349,dark
0.0671,0.4094,4.7987,4.2607,dark
0.0449,0.429,4.8288,5.1689,dark
0.2918,0.2171,4.7367,12.8042,dark
0.1078,0.1911,5.0425,17.4479,dark
0.0437,0.173,5.1201,19.2152,dark
0.0192,0.1915,5.0894,15.7391,dark
0.028,0.1743,5.1488,16.9851,dark
0.007,0.4531,5.2735,17.3934,normal
0.0133,0.4665,5.1962,20.9426,normal
0.0091,0.4638,5.2205,20.4446,normal
0.0103,0.4663,5.2549,21.7158,normal
0.0122,0.4603,5.2511,16.3766,normal
0.0129,0.4524,5.2288,28.2005,normal
0.0276,0.4885,5.0346,6.2105,normal
0.0128,0.4874,5.0356,5.0831,normal
0.0038,0.4984,5.0836,6.3784,normal
0.0156,0.4651,5.3876,7.4212,normal
0.016,0.4733,5.3944,6.2681,normal
0.1915,0.1858,5.1186,9.8476,normal
0.1881,0.1818,5.1205,9.3118,normal
0.0472,0.4522,5.3298,38.5569,normal
0.0294,0.473,5.2118,40.8895,normal
0.003,0.478,4.8675,47.9418,normal
0.0156,0.4843,5.1187,42.4261,normal
0.015,0.4278,4.6753,15.4263,normal
0.0174,0.4219,4.5208,13.6967,normal
0.1596,0.1851,4.7301,17.5496,normal
0.4934,0.4922,5.0488,22.0091,normal
0.1528,0.188,4.4243,48.5301,normal
0.1845,0.1845,4.4702,43.8662,normal
0.4741,0.4507,5.0607,8.6396,normal
0.4325,0.4573,5.118,7.0347,normal
0.1778,0.4442,4.9948,7.5268,normal
0.1145,0.4479,4.8744,18.6012,normal
0.1534,0.4039,5.1064,15.7672,normal
0.1668,0.2035,5.1939,8.2009,normal
0.0401,0.4404,5.1071,16.9826,normal
0.1725,0.4318,5.1585,16.9978,normal
0.0571,0.4346,5.0277,16.7244,normal
0.1333,0.4259,4.7726,4.2836,normal
0.3023,0.4301,4.9456,4.6941,normal
0.3222,0.431,4.9662,4.8714,normal
0.245,0.4371,4.9439,4.166,normal
0.2409,0.4377,4.9126,4.1973,normal
0.2044,0.2542,4.4598,45.8824,normal
0.2726,0.2556,4.4172,67.741,normal
0.6106,0.4104,4.5513,7.1862,normal
0.5644,0.4006,4.6316,8.7052,normal
0.1642,0.4588,4.8042,6.3613,normal
0.1866,0.405,4.6467,6.5607,normal
0.2632,0.247,4.5124,7.0011,normal
0.17,0.2596,4.5154,5.9356,normal
0.0523,0.1702,5.1449,19.5331,normal
0.0198,0.1782,5.1671,24.9025,normal
0.0324,0.1496,5.1753,26.0752,normal
0.1974,0.1322,4.9936,29.2111,normal
0.2482,0.165,5.2277,33.7829,normal
0.2246,0.1499,5.0411,30.8962,normal
0.0298,0.1314,4.9457,31.61,normal
0.0346,0.7457,5.1516,23.9412,normal
0.0368,0.1702,5.2544,26.6755,normal
0.0475,0.5099,4.8664,12.5443,normal
0.0736,0.5242,5.0252,17.1673,normal
0.0053,0.4741,3.6462,2.3025,normal
0.0093,0.4708,4.8764,15.4859,normal
0.2435,0.4849,4.7916,21.6525,normal
0.078,0.4363,5.2764,20.2911,normal
0.1017,0.3994,4.909,23.6733,normal
0.1038,0.4661,5.2673,27.6298,normal
0.1223,0.4366,5.1595,16.5177,normal
0.1584,0.4804,5.27,32.0135,normal
0.0634,0.6935,5.0937,13.6161,normal
0.141,0.4832,5.1598,29.8969,normal
0.1631,0.4961,5.0214,21.7459,normal
0.1165,0.4413,5.2967,27.7826,normal
0.1333,0.4452,5.3423,28.813,normal
0.0311,0.4611,5.1992,33.5536,normal
0.6197,0.4469,5.1448,13.0449,normal
0.6167,0.4457,4.7277,12.1053,normal
0.5904,0.4377,5.0647,17.8409,normal
0.053,0.6821,4.6304,6.6444,normal
0.0696,0.6781,4.5522,7.1763,normal
0.0644,0.6764,4.6533,6.7987,normal
0.1088,0.1923,5.233,30.3839,normal
0.082,0.1915,5.2624,29.4695,normal
0.0787,0.1742,5.3315,30.3233,normal
0.1158,0.3823,4.4776,10.6944,normal
0.0284,0.2295,3.7727,16.0305,normal
0.1047,0.4456,5.0696,81.2102,normal
0.0849,0.421,5.1131,97.5003,normal
0.1119,0.4319,4.8639,65.7184,normal
0.0986,0.4512,4.904,5.7583,normal
0.0839,0.2278,5.0506,11.6731,normal
0.1258,0.2171,5.2477,36.2415,normal
0.1164,0.7331,5.2913,41.7239,normal
0.1103,0.2394,5.1916,27.6407,normal
0.0925,0.4568,5.2328,25.2909,normal
0.0837,0.4848,5.2167,26.7375,normal
0.053,0.4641,5.1717,24.736,normal
0.2298,0.5244,4.5216,9.2859,normal
0.0863,0.6541,4.2872,8.0154,normal
0.1084,0.6829,4.4579,18.6194,normal
0.0417,0.4235,5.091,14.1984,normal
0.0466,0.4732,5.1293,16.6918,normal
0.2406,0.4761,5.1665,27.6721,normal
0.1936,0.4755,5.083,22.9171,normal
0.1159,0.4444,5.0498,19.2889,normal
0.1102,0.7198,5.2443,17.6839,normal
0.1182,0.8235,5.3249,20.4089,normal
0.1767,0.5067,5.2022,23.492,normal
0.1748,0.5054,5.2052,23.4099,normal
0.1148,0.4301,4.9908,19.2759,normal
0.1241,0.4395,5.1668,18.0847,normal
0.016,0.4892,5.1464,6.7019,normal
0.028,0.4872,5.0977,7.0864,normal
0.037,0.4869,5.0593,6.8667,normal
0.0148,0.4922,4.9466,4.9002,normal
0.009,0.5105,4.9772,5.613,normal
0.266,0.4695,4.8794,13.6386,normal
0.0216,0.4575,5.173,17.8346,normal
0.0129,0.4605,5.2494,19.3919,normal
0.0032,0.4559,5.223,16.3048,normal
0.0074,0.4534,5.2762,17.257,normal
0.0082,0.4877,5.3741,16.7405,bright
0.0129,0.7585,5.279,18.4902,bright
0.0076,0.7661,5.3517,18.9114,bright
0.0101,0.7624,5.3946,20.102,bright
0.0147,0.485,5.3453,15.7885,bright
0.0136,0.7662,5.4093,35.7508,bright
0.0223,0.5058,5.0398,6.3456,bright
0.0165,0.5064,5.098,5.4533,bright
0.0071,0.4915,5.0843,6.2857,bright
0.0251,0.8495,5.2294,7.4386,bright
0.0329,0.857,5.163,6.8278,bright
0.1864,0.1837,5.1439,9.0998,bright
0.1884,0.1868,5.159,9.2625,bright
0.0277,0.8128,5.3831,48.5443,bright
0.009,0.7885,5.2597,46.7272,bright
0.0044,0.6889,4.9892,52.2538,bright
0.0129,0.7374,5.2054,45.0499,bright
0.0136,0.4204,4.5919,14.18,bright
0.0209,0.418,4.6563,16.2641,bright
0.1473,0.1886,4.7126,16.51,bright
0.4013,0.8134,5.0282,42.9368,bright
0.076,0.8386,4.4914,73.2286,bright
0.0764,0.8467,4.5485,72.1616,bright
0.4633,0.4535,5.1085,9.6492,bright
0.435,0.4544,5.0862,7.8647,bright
0.1603,0.4477,5.0071,6.4992,bright
0.115,0.4532,4.8404,17.341,bright
0.1349,0.4427,5.2065,16.6372,bright
0.1255,0.8067,5.2425,9.1306,bright
0.0386,0.4559,5.0838,16.6438,bright
0.1421,0.4365,5.2175,17.5679,bright
0.0422,0.4482,5.137,17.7604,bright
0.1376,0.4264,4.8162,6.6509,bright
0.3093,0.4338,4.9893,5.1977,bright
0.33,0.4236,4.8933,5.8639,bright
0.2389,0.4479,4.9795,7.0579,bright
0.2389,0.4277,4.8573,6.879,bright
0.2045,0.412,4.5137,52.9426,bright
0.2654,0.2472,4.3466,61.4809,bright
0.6044,0.4153,4.5366,7.0197,bright
0.5696,0.4147,4.6806,10.2098,bright
0.1394,0.4631,4.8444,6.8755,bright
0.1889,0.3965,4.6178,6.8869,bright
0.2786,0.243,4.4381,7.4567,bright
0.1657,0.2539,4.4805,7.1149,bright
0.1363,0.8766,4.1948,23.6426,bright
0.0537,0.8723,4.8108,31.8411,bright
0.1497,0.8871,4.5041,29.0325,bright
0.437,0.8321,5.1267,34.8867,bright
0.5005,0.857,4.8267,34.6749,bright
0.3001,0.8257,5.0295,35.6482,bright
0.1087,0.8512,5.0462,49.3035,bright
0.0239,0.9256,3.5713,28.1397,bright
0.0332,0.9083,4.2019,28.4189,bright
0.087,0.9457,3.6697,22.0322,bright
0.0949,0.9368,3.7441,27.8216,bright
0.0013,0.9592,2.4686,1.8902,bright
0.0053,0.9463,3.2567,13.1749,bright
0.251,0.4815,4.7609,21.4061,bright
0.0896,0.8952,4.3461,15.3377,bright
0.1306,0.8973,4.0694,18.5448,bright
0.1617,0.9347,4.176,34.6529,bright
0.0986,0.9034,4.3166,17.6088,bright
0.1938,0.9114,4.0718,21.2597,bright
0.0715,0.9235,3.7199,15.152,bright
0.1173,0.9203,3.9387,16.4971,bright
0.1796,0.9173,3.9041,21.3041,bright
0.141,0.9134,4.1223,18.5707,bright
0.1156,0.9183,4.1319,16.7707,bright
0.0586,0.9014,4.6288,21.1934,bright
0.6661,0.8905,4.3795,11.0741,bright
0.6924,0.9328,3.7437,13.8012,bright
0.395,0.8992,4.2738,15.7748,bright
0.061,0.9657,2.4855,5.5212,bright
0.1114,0.9646,2.3674,5.0701,bright
0.0701,0.9683,2.6416,5.4518,bright
0.1307,0.8928,4.3854,21.5556,bright
0.1224,0.8892,4.4416,21.4502,bright
0.0984,0.8972,4.3347,25.6606,bright
0.1241,0.8427,4.4269,6.2436,bright
0.1282,0.8477,3.5999,11.0971,bright
0.2428,0.9043,4.3475,58.0473,bright
0.2006,0.9071,4.2918,52.7677,bright
0.1885,0.9168,4.0559,59.3548,bright
0.2842,0.9348,3.7559,4.162,bright
0.0836,0.7997,4.9517,20.8945,bright
0.1256,0.8846,3.8846,16.2081,bright
0.1161,0.9114,3.9152,15.1875,bright
0.1091,0.8712,3.9604,16.0058,bright
0.1158,0.8968,4.2349,14.5542,bright
0.109,0.9087,4.1371,16.0542,bright
0.1201,0.9251,3.9029,13.8363,bright
0.0847,0.9697,3.0448,8.297,bright
0.0795,0.9706,2.4926,12.9956,bright
0.095,0.9538,2.358,28.7518,bright
0.0434,0.8229,4.9849,11.9752,bright
0.0381,0.9498,3.7422,44.1334,bright
0.2339,0.9276,3.9514,26.4397,bright
0.218,0.937,3.8726,22.1823,bright
0.1775,0.9395,3.8047,15.3883,bright
0.1187,0.9221,4.1986,18.9025,bright
0.0862,0.8948,4.1967,17.4979,bright
0.1044,0.9234,4.1362,17.6389,bright
0.104,0.9215,4.1634,17.652,bright
0.1505,0.8795,4.1677,14.899,bright
0.1009,0.8896,4.3719,16.4712,bright
0.0175,0.4906,5.1561,6.7049,bright
0.0249,0.4906,5.1479,7.0307,bright
0.0321,0.4941,5.157,6.8803,bright
0.0141,0.5136,5.0141,5.2169,bright
0.0111,0.5128,5.0141,5.6754,bright
0.298,0.4728,4.9566,12.4847,bright
0.0214,0.4711,5.2624,16.9474,bright
0.01,0.4781,5.3396,18.3662,bright
0.0013,0.4743,5.2913,15.6017,bright
0.0099,0.4816,5.3658,16.9365,bright
0.0111,0.1429,4.653,12.7785,dark
0.0176,0.1466,4.4882,14.726,dark
0.012,0.1507,4.6209,16.4747,dark
0.0092,0.1479,4.7103,18.2771,dark
0.0145,0.1476,4.6225,13.5262,dark
0.0247,0.1353,4.6285,17.2622,dark
0.0633,0.1494,4.2461,3.7415,dark
0.0409,0.145,4.1984,2.4224,dark
0.021,0.149,4.3345,3.8296,dark
0.0152,0.1459,4.954,6.6282,dark
0.0211,0.1496,4.9353,6.6092,dark
0.2298,0.1217,4.4712,6.51,dark
0.232,0.1239,4.521,6.6521,dark
0.0498,0.1311,4.8099,21.266,dark
0.0727,0.1364,4.587,21.2049,dark
0.0173,0.129,4.0301,23.5936,dark
0.0669,0.1363,4.3703,24.0743,dark
0.0506,0.1801,4.1141,9.6296,dark
0.078,0.1773,4.0208,11.0705,dark
0.1571,0.1714,4.3203,11.3286,dark
0.6145,0.1458,4.2865,7.3704,dark
0.3434,0.1313,3.7815,16.524,dark
0.3026,0.131,3.665,14.5559,dark
0.6618,0.1422,4.2757,3.3793,dark
0.5896,0.1458,4.3462,3.6967,dark
0.331,0.1484,4.3072,4.235,dark
0.2153,0.1506,4.0908,10.0052,dark
0.2977,0.1225,4.5178,9.229,dark
0.3831,0.1437,4.6299,5.4077,dark
0.0893,0.1535,4.6,9.8518,dark
0.3449,0.1268,4.4524,9.5538,dark
0.1255,0.1302,4.3002,8.4833,dark
0.3047,0.1501,4.0966,2.9843,dark
0.435,0.1528,4.3268,3.9017,dark
0.4102,0.1747,4.4765,4.0653,dark
0.359,0.1462,4.2622,2.858,dark
0.3062,0.1488,4.2197,3.0189,dark
0.3631,0.1488,3.8959,28.2317,dark
0.4064,0.149,3.7978,37.6711,dark
0.6718,0.1556,3.836,5.2503,dark
0.5712,0.1427,3.9247,6.5481,dark
0.29,0.147,4.0121,2.8484,dark
0.3342,0.1529,4.0599,3.784,dark
0.4106,0.15,3.9461,4.1416,dark
0.2308,0.1756,4.0608,4.6316,dark
0.1719,0.0926,3.8129,5.1989,dark
0.1994,0.0673,3.6982,6.1765,dark
0.0703,0.0803,3.7029,6.3665,dark
0.0688,0.0491,3.2975,6.6417,dark
0.0391,0.0701,3.7472,8.7606,dark
0.0652,0.0527,3.3979,7.208,dark
0.0737,0.0473,3.2333,5.7864,dark
0.1211,0.12,4.0068,5.9541,dark
0.1272,0.0958,3.9429,7.2377,dark
0.125,0.099,3.6963,4.0244,dark
0.1577,0.1034,3.8316,4.7551,dark
0.145,0.0852,2.4861,1.5201,dark
0.0609,0.1041,3.6803,3.8774,dark
0.5037,0.0706,3.3469,6.1226,dark
0.0979,0.0922,4.5065,25.7057,dark
0.1159,0.0811,4.0118,22.364,dark
0.0948,0.0981,4.5102,28.8898,dark
0.1419,0.0907,4.2367,16.6008,dark
0.1278,0.1113,4.4782,33.1191,dark
0.2296,0.1029,3.9997,5.6618,dark
0.3342,0.1062,4.0176,12.497,dark
0.1854,0.0851,3.7431,5.825,dark
0.0949,0.0942,4.6205,27.8247,dark
0.0823,0.0973,4.6566,30.3229,dark
0.031,0.0907,4.335,18.8451,dark
0.5622,0.0691,3.842,5.6976,dark
0.7527,0.087,3.5399,3.734,dark
0.7037,0.0786,3.9303,6.174,dark
0.3921,0.132,3.6635,3.08,dark
0.3754,0.1317,3.6145,3.3653,dark
0.4025,0.1267,3.6342,3.2048,dark
0.1881,0.0773,4.0757,25.177,dark
0.1795,0.0782,4.0698,20.517,dark
0.1776,0.084,4.2985,37.3154,dark
0.1166,0.05,3.1354,7.4527,dark
0.0458,0.0416,2.722,14.1218,dark
0.245,0.0785,3.8145,23.6406,dark
0.1447,0.0924,3.9084,34.1814,dark
0.1848,0.0739,3.5176,15.4845,dark
0.2898,0.083,3.6415,2.3128,dark
0.1417,0.0675,3.9536,7.8445,dark
0.2263,0.1105,4.2873,25.7564,dark
0.2693,0.1138,4.2377,22.1118,dark
0.1539,0.0883,4.4163,24.1446,dark
0.2536,0.0923,4.1156,15.7396,dark
0.1862,0.1064,4.0601,12.2464,dark
0.1697,0.1132,4.1045,12.5002,dark
0.374,0.1087,3.429,3.3611,dark
0.0821,0.1215,3.2145,2.1613,dark
0.2654,0.1276,3.4298,3.8535,dark
0.0651,0.0852,4.3384,15.0203,dark
0.0908,0.0976,4.0086,4.3485,dark
0.4297,0.1109,4.0561,8.3769,dark
0.5611,0.1047,3.916,6.5424,dark
0.4722,0.1088,4.0026,6.2924,dark
0.3114,0.1064,4.2382,5.9158,dark
0.1962,0.1007,4.5224,15.6259,dark
0.3495,0.1082,4.37,19.8256,dark
0.3532,0.101,4.3198,19.1328,dark
0.171,0.0908,4.4175,8.9219,dark
0.2949,0.1011,4.0261,6.1763,dark
0.0206,0.4344,4.9937,6.2449,dark
0.0252,0.4286,4.9278,6.2591,dark
0.0341,0.4068,4.8973,6.417,dark
0.0189,0.4086,4.798,4.0961,dark
0.0093,0.4284,4.8205,4.9511,dark
0.2867,0.2215,4.6792,12.5687,dark
0.0261,0.1961,5.017,17.1277,dark
0.0087,0.1785,5.0995,18.7816,dark
0.0043,0.196,5.0565,15.3729,dark
0.0074,0.1791,5.1252,16.5444,dark
